{
  "contacts": [
    {
      "id": 1,
      "firstname": "Darrell",
      "lastname": "Jeyes",
      "gender": "Male",
      "email": "djeyes0@cnet.com",
      "phone": "8185474903",
      "dob": "1977-01-25",
      "address": "29 Mifflin Trail",
      "city": "Northridge",
      "state": "California",
      "country": "United States",
      "picture": "http://kvinod.com/old_ci/randomdata/images/men/1.jpg"
    },
    {
      "id": 2,
      "firstname": "Corrie",
      "lastname": "Martins",
      "gender": "Female",
      "email": "cmartins1@msu.edu",
      "phone": "5158094902",
      "dob": "1982-07-30",
      "address": "3 Eliot Park",
      "city": "Des Moines",
      "state": "Iowa",
      "country": "United States",
      "picture": "http://kvinod.com/old_ci/randomdata/images/women/2.jpg"
    },
    {
      "id": 3,
      "firstname": "Dorolice",
      "lastname": "Handyside",
      "gender": "Female",
      "email": "dhandyside2@sohu.com",
      "phone": "8184359377",
      "dob": "1986-01-13",
      "address": "25797 Derek Center",
      "city": "Glendale",
      "state": "California",
      "country": "United States",
      "picture": "http://kvinod.com/old_ci/randomdata/images/women/3.jpg"
    },
    {
      "id": 4,
      "firstname": "Merla",
      "lastname": "Deavin",
      "gender": "Female",
      "email": "mdeavin3@shutterfly.com",
      "phone": "4322358993",
      "dob": "1993-02-21",
      "address": "57 Continental Place",
      "city": "Odessa",
      "state": "Texas",
      "country": "United States",
      "picture": "http://kvinod.com/old_ci/randomdata/images/women/4.jpg"
    },
    {
      "id": 5,
      "firstname": "Hardy",
      "lastname": "MacMakin",
      "gender": "Male",
      "email": "hmacmakin4@washington.edu",
      "phone": "5717620392",
      "dob": "1970-07-19",
      "address": "56 Corben Circle",
      "city": "Reston",
      "state": "Virginia",
      "country": "United States",
      "picture": "http://kvinod.com/old_ci/randomdata/images/men/5.jpg"
    },
    {
      "id": 6,
      "firstname": "Wat",
      "lastname": "Boadby",
      "gender": "Male",
      "email": "wboadby5@51.la",
      "phone": "3377257049",
      "dob": "1981-08-14",
      "address": "0041 Onsgard Lane",
      "city": "Lake Charles",
      "state": "Louisiana",
      "country": "United States",
      "picture": "http://kvinod.com/old_ci/randomdata/images/men/6.jpg"
    },
    {
      "id": 7,
      "firstname": "Viviyan",
      "lastname": "Hazlegrove",
      "gender": "Female",
      "email": "vhazlegrove6@psu.edu",
      "phone": "9374142592",
      "dob": "1971-07-22",
      "address": "22298 Claremont Circle",
      "city": "Dayton",
      "state": "Ohio",
      "country": "United States",
      "picture": "http://kvinod.com/old_ci/randomdata/images/women/7.jpg"
    },
    {
      "id": 8,
      "firstname": "Stanwood",
      "lastname": "Flude",
      "gender": "Male",
      "email": "sflude7@newyorker.com",
      "phone": "9198132141",
      "dob": "1989-11-17",
      "address": "898 Delladonna Park",
      "city": "Durham",
      "state": "North Carolina",
      "country": "United States",
      "picture": "http://kvinod.com/old_ci/randomdata/images/men/8.jpg"
    },
    {
      "id": 9,
      "firstname": "Bradley",
      "lastname": "Farnham",
      "gender": "Male",
      "email": "bfarnham8@fastcompany.com",
      "phone": "9093382235",
      "dob": "1983-01-20",
      "address": "0338 6th Street",
      "city": "Pomona",
      "state": "California",
      "country": "United States",
      "picture": "http://kvinod.com/old_ci/randomdata/images/men/9.jpg"
    },
    {
      "id": 10,
      "firstname": "Biron",
      "lastname": "Impy",
      "gender": "Male",
      "email": "bimpy9@bbc.co.uk",
      "phone": "5156439406",
      "dob": "1986-12-16",
      "address": "650 Gateway Center",
      "city": "Des Moines",
      "state": "Iowa",
      "country": "United States",
      "picture": "http://kvinod.com/old_ci/randomdata/images/men/10.jpg"
    },
    {
      "id": 11,
      "firstname": "Sig",
      "lastname": "Clurow",
      "gender": "Male",
      "email": "sclurowa@rakuten.co.jp",
      "phone": "4044288550",
      "dob": "1973-12-07",
      "address": "2 Bartelt Junction",
      "city": "Atlanta",
      "state": "Georgia",
      "country": "United States",
      "picture": "http://kvinod.com/old_ci/randomdata/images/men/11.jpg"
    },
    {
      "id": 12,
      "firstname": "Chrisy",
      "lastname": "Windless",
      "gender": "Male",
      "email": "cwindlessb@yahoo.com",
      "phone": "5028621652",
      "dob": "1989-10-28",
      "address": "90457 Brown Parkway",
      "city": "Louisville",
      "state": "Kentucky",
      "country": "United States",
      "picture": "http://kvinod.com/old_ci/randomdata/images/men/12.jpg"
    },
    {
      "id": 13,
      "firstname": "Chris",
      "lastname": "Vella",
      "gender": "Male",
      "email": "cvellac@boston.com",
      "phone": "4121974034",
      "dob": "1978-03-17",
      "address": "2710 Schurz Point",
      "city": "Pittsburgh",
      "state": "Pennsylvania",
      "country": "United States",
      "picture": "http://kvinod.com/old_ci/randomdata/images/men/13.jpg"
    },
    {
      "id": 14,
      "firstname": "Rosalinde",
      "lastname": "Sherston",
      "gender": "Female",
      "email": "rsherstond@twitpic.com",
      "phone": "4026165201",
      "dob": "1972-04-10",
      "address": "8148 Susan Crossing",
      "city": "Lincoln",
      "state": "Nebraska",
      "country": "United States",
      "picture": "http://kvinod.com/old_ci/randomdata/images/women/14.jpg"
    },
    {
      "id": 15,
      "firstname": "Cordi",
      "lastname": "Candlish",
      "gender": "Female",
      "email": "ccandlishe@is.gd",
      "phone": "8131059416",
      "dob": "1997-11-06",
      "address": "79352 Norway Maple Point",
      "city": "Tampa",
      "state": "Florida",
      "country": "United States",
      "picture": "http://kvinod.com/old_ci/randomdata/images/women/15.jpg"
    },
    {
      "id": 16,
      "firstname": "Kiley",
      "lastname": "Breming",
      "gender": "Female",
      "email": "kbremingf@salon.com",
      "phone": "3048781603",
      "dob": "1985-01-25",
      "address": "55 Corry Place",
      "city": "Charleston",
      "state": "West Virginia",
      "country": "United States",
      "picture": "http://kvinod.com/old_ci/randomdata/images/women/16.jpg"
    },
    {
      "id": 17,
      "firstname": "Tersina",
      "lastname": "Kovelmann",
      "gender": "Female",
      "email": "tkovelmanng@jigsy.com",
      "phone": "3023309849",
      "dob": "1986-01-20",
      "address": "06422 Springview Lane",
      "city": "Newark",
      "state": "Delaware",
      "country": "United States",
      "picture": "http://kvinod.com/old_ci/randomdata/images/women/17.jpg"
    },
    {
      "id": 18,
      "firstname": "Merwin",
      "lastname": "Scutts",
      "gender": "Male",
      "email": "mscuttsh@hugedomains.com",
      "phone": "4198126706",
      "dob": "1971-01-01",
      "address": "6 Toban Avenue",
      "city": "Lima",
      "state": "Ohio",
      "country": "United States",
      "picture": "http://kvinod.com/old_ci/randomdata/images/men/18.jpg"
    },
    {
      "id": 19,
      "firstname": "Anissa",
      "lastname": "Atterley",
      "gender": "Female",
      "email": "aatterleyi@wikimedia.org",
      "phone": "7061644506",
      "dob": "1995-06-13",
      "address": "6144 Pine View Crossing",
      "city": "Cumming",
      "state": "Georgia",
      "country": "United States",
      "picture": "http://kvinod.com/old_ci/randomdata/images/women/19.jpg"
    },
    {
      "id": 20,
      "firstname": "Karly",
      "lastname": "Alliston",
      "gender": "Female",
      "email": "kallistonj@samsung.com",
      "phone": "2157147842",
      "dob": "1976-06-02",
      "address": "9190 Stoughton Road",
      "city": "Philadelphia",
      "state": "Pennsylvania",
      "country": "United States",
      "picture": "http://kvinod.com/old_ci/randomdata/images/women/20.jpg"
    },
    {
      "id": 21,
      "firstname": "Sebastian",
      "lastname": "Alcalde",
      "gender": "Male",
      "email": "salcaldek@wordpress.org",
      "phone": "3868280312",
      "dob": "1991-07-23",
      "address": "6 Washington Point",
      "city": "Daytona Beach",
      "state": "Florida",
      "country": "United States",
      "picture": "http://kvinod.com/old_ci/randomdata/images/men/21.jpg"
    },
    {
      "id": 22,
      "firstname": "Galen",
      "lastname": "Caswall",
      "gender": "Male",
      "email": "gcaswalll@msu.edu",
      "phone": "3301100101",
      "dob": "1989-04-20",
      "address": "58488 Basil Pass",
      "city": "Akron",
      "state": "Ohio",
      "country": "United States",
      "picture": "http://kvinod.com/old_ci/randomdata/images/men/22.jpg"
    },
    {
      "id": 23,
      "firstname": "Bert",
      "lastname": "Fownes",
      "gender": "Female",
      "email": "bfownesm@cnet.com",
      "phone": "5851288776",
      "dob": "1985-07-24",
      "address": "231 Park Meadow Pass",
      "city": "Rochester",
      "state": "New York",
      "country": "United States",
      "picture": "http://kvinod.com/old_ci/randomdata/images/women/23.jpg"
    },
    {
      "id": 24,
      "firstname": "Shaun",
      "lastname": "Steed",
      "gender": "Female",
      "email": "ssteedn@who.int",
      "phone": "3167832132",
      "dob": "1974-11-08",
      "address": "79 Linden Circle",
      "city": "Wichita",
      "state": "Kansas",
      "country": "United States",
      "picture": "http://kvinod.com/old_ci/randomdata/images/women/24.jpg"
    },
    {
      "id": 25,
      "firstname": "Normy",
      "lastname": "Coppenhall",
      "gender": "Male",
      "email": "ncoppenhallo@elpais.com",
      "phone": "2028224459",
      "dob": "1974-08-13",
      "address": "0 Brentwood Parkway",
      "city": "Washington",
      "state": "District of Columbia",
      "country": "United States",
      "picture": "http://kvinod.com/old_ci/randomdata/images/men/25.jpg"
    },
    {
      "id": 26,
      "firstname": "Ailey",
      "lastname": "Waterhous",
      "gender": "Female",
      "email": "awaterhousp@upenn.edu",
      "phone": "4344976651",
      "dob": "1994-01-01",
      "address": "97 Mccormick Parkway",
      "city": "Lynchburg",
      "state": "Virginia",
      "country": "United States",
      "picture": "http://kvinod.com/old_ci/randomdata/images/women/26.jpg"
    },
    {
      "id": 27,
      "firstname": "Ayn",
      "lastname": "Ballintime",
      "gender": "Female",
      "email": "aballintimeq@princeton.edu",
      "phone": "8104676828",
      "dob": "1974-01-31",
      "address": "36966 Mitchell Street",
      "city": "Flint",
      "state": "Michigan",
      "country": "United States",
      "picture": "http://kvinod.com/old_ci/randomdata/images/women/27.jpg"
    },
    {
      "id": 28,
      "firstname": "Rosemarie",
      "lastname": "Thorowgood",
      "gender": "Female",
      "email": "rthorowgoodr@pinterest.com",
      "phone": "2064477791",
      "dob": "2000-02-06",
      "address": "6364 Goodland Plaza",
      "city": "Seattle",
      "state": "Washington",
      "country": "United States",
      "picture": "http://kvinod.com/old_ci/randomdata/images/women/28.jpg"
    },
    {
      "id": 29,
      "firstname": "Camellia",
      "lastname": "Allchin",
      "gender": "Female",
      "email": "callchins@ftc.gov",
      "phone": "2095787284",
      "dob": "1990-03-19",
      "address": "730 Vahlen Center",
      "city": "Modesto",
      "state": "California",
      "country": "United States",
      "picture": "http://kvinod.com/old_ci/randomdata/images/women/29.jpg"
    },
    {
      "id": 30,
      "firstname": "Coraline",
      "lastname": "Kiera",
      "gender": "Female",
      "email": "ckierat@springer.com",
      "phone": "4059769372",
      "dob": "1986-08-22",
      "address": "3 Northwestern Court",
      "city": "Edmond",
      "state": "Oklahoma",
      "country": "United States",
      "picture": "http://kvinod.com/old_ci/randomdata/images/women/30.jpg"
    },
    {
      "id": 31,
      "firstname": "Valene",
      "lastname": "Mathiassen",
      "gender": "Female",
      "email": "vmathiassenu@kickstarter.com",
      "phone": "7636242234",
      "dob": "1995-11-11",
      "address": "73109 Corscot Point",
      "city": "Maple Plain",
      "state": "Minnesota",
      "country": "United States",
      "picture": "http://kvinod.com/old_ci/randomdata/images/women/31.jpg"
    },
    {
      "id": 32,
      "firstname": "Nowell",
      "lastname": "Gowans",
      "gender": "Male",
      "email": "ngowansv@upenn.edu",
      "phone": "4082785581",
      "dob": "1996-06-10",
      "address": "96884 Magdeline Parkway",
      "city": "San Jose",
      "state": "California",
      "country": "United States",
      "picture": "http://kvinod.com/old_ci/randomdata/images/men/32.jpg"
    },
    {
      "id": 33,
      "firstname": "Minny",
      "lastname": "Tighe",
      "gender": "Female",
      "email": "mtighew@loc.gov",
      "phone": "2107873258",
      "dob": "1980-01-14",
      "address": "6 Debs Pass",
      "city": "San Antonio",
      "state": "Texas",
      "country": "United States",
      "picture": "http://kvinod.com/old_ci/randomdata/images/women/33.jpg"
    },
    {
      "id": 34,
      "firstname": "Geordie",
      "lastname": "Barbara",
      "gender": "Male",
      "email": "gbarbarax@csmonitor.com",
      "phone": "5137844644",
      "dob": "1977-11-12",
      "address": "53 Algoma Center",
      "city": "Dayton",
      "state": "Ohio",
      "country": "United States",
      "picture": "http://kvinod.com/old_ci/randomdata/images/men/34.jpg"
    },
    {
      "id": 35,
      "firstname": "Tynan",
      "lastname": "Soff",
      "gender": "Male",
      "email": "tsoffy@desdev.cn",
      "phone": "9285105126",
      "dob": "1978-11-16",
      "address": "7 Clemons Court",
      "city": "Phoenix",
      "state": "Arizona",
      "country": "United States",
      "picture": "http://kvinod.com/old_ci/randomdata/images/men/35.jpg"
    },
    {
      "id": 36,
      "firstname": "Bernita",
      "lastname": "McShee",
      "gender": "Female",
      "email": "bmcsheez@reuters.com",
      "phone": "9035805851",
      "dob": "1990-01-04",
      "address": "97656 Golden Leaf Alley",
      "city": "Tyler",
      "state": "Texas",
      "country": "United States",
      "picture": "http://kvinod.com/old_ci/randomdata/images/women/36.jpg"
    },
    {
      "id": 37,
      "firstname": "Massimiliano",
      "lastname": "Colly",
      "gender": "Male",
      "email": "mcolly10@ebay.com",
      "phone": "5164958735",
      "dob": "1993-09-16",
      "address": "02301 Ludington Alley",
      "city": "New Hyde Park",
      "state": "New York",
      "country": "United States",
      "picture": "http://kvinod.com/old_ci/randomdata/images/men/37.jpg"
    },
    {
      "id": 38,
      "firstname": "Hugo",
      "lastname": "Pennell",
      "gender": "Male",
      "email": "hpennell11@loc.gov",
      "phone": "2031382409",
      "dob": "1972-08-13",
      "address": "305 Mesta Trail",
      "city": "New Haven",
      "state": "Connecticut",
      "country": "United States",
      "picture": "http://kvinod.com/old_ci/randomdata/images/men/38.jpg"
    },
    {
      "id": 39,
      "firstname": "Tye",
      "lastname": "Hickenbottom",
      "gender": "Male",
      "email": "thickenbottom12@usa.gov",
      "phone": "7575353441",
      "dob": "1984-06-12",
      "address": "1 Shoshone Junction",
      "city": "Newport News",
      "state": "Virginia",
      "country": "United States",
      "picture": "http://kvinod.com/old_ci/randomdata/images/men/39.jpg"
    },
    {
      "id": 40,
      "firstname": "Starlin",
      "lastname": "Timlett",
      "gender": "Female",
      "email": "stimlett13@altervista.org",
      "phone": "9418858843",
      "dob": "1989-10-01",
      "address": "72859 Pennsylvania Park",
      "city": "Bonita Springs",
      "state": "Florida",
      "country": "United States",
      "picture": "http://kvinod.com/old_ci/randomdata/images/women/40.jpg"
    },
    {
      "id": 41,
      "firstname": "Jaime",
      "lastname": "Rosenstengel",
      "gender": "Male",
      "email": "jrosenstengel14@cbsnews.com",
      "phone": "7048792949",
      "dob": "1998-04-24",
      "address": "4 Mallard Avenue",
      "city": "Gastonia",
      "state": "North Carolina",
      "country": "United States",
      "picture": "http://kvinod.com/old_ci/randomdata/images/men/41.jpg"
    },
    {
      "id": 42,
      "firstname": "Kanya",
      "lastname": "Elsdon",
      "gender": "Female",
      "email": "kelsdon15@exblog.jp",
      "phone": "5026192196",
      "dob": "1987-03-16",
      "address": "20 Debs Junction",
      "city": "Louisville",
      "state": "Kentucky",
      "country": "United States",
      "picture": "http://kvinod.com/old_ci/randomdata/images/women/42.jpg"
    },
    {
      "id": 43,
      "firstname": "Arel",
      "lastname": "Renackowna",
      "gender": "Male",
      "email": "arenackowna16@blogtalkradio.com",
      "phone": "9252979127",
      "dob": "1996-07-17",
      "address": "77 Bartillon Crossing",
      "city": "Hayward",
      "state": "California",
      "country": "United States",
      "picture": "http://kvinod.com/old_ci/randomdata/images/men/43.jpg"
    },
    {
      "id": 44,
      "firstname": "Dolli",
      "lastname": "Rosenwald",
      "gender": "Female",
      "email": "drosenwald17@canalblog.com",
      "phone": "3032640868",
      "dob": "1990-07-30",
      "address": "4830 Mockingbird Hill",
      "city": "Denver",
      "state": "Colorado",
      "country": "United States",
      "picture": "http://kvinod.com/old_ci/randomdata/images/women/44.jpg"
    },
    {
      "id": 45,
      "firstname": "Arvie",
      "lastname": "Rosenvasser",
      "gender": "Male",
      "email": "arosenvasser18@lulu.com",
      "phone": "7867470095",
      "dob": "1998-06-17",
      "address": "9409 Hoard Point",
      "city": "Miami",
      "state": "Florida",
      "country": "United States",
      "picture": "http://kvinod.com/old_ci/randomdata/images/men/45.jpg"
    },
    {
      "id": 46,
      "firstname": "Ernie",
      "lastname": "Geindre",
      "gender": "Male",
      "email": "egeindre19@admin.ch",
      "phone": "9361851732",
      "dob": "1991-01-22",
      "address": "9 Harbort Street",
      "city": "Huntsville",
      "state": "Texas",
      "country": "United States",
      "picture": "http://kvinod.com/old_ci/randomdata/images/men/46.jpg"
    },
    {
      "id": 47,
      "firstname": "Cordi",
      "lastname": "Terren",
      "gender": "Female",
      "email": "cterren1a@answers.com",
      "phone": "3215427201",
      "dob": "1997-02-20",
      "address": "7273 Vera Road",
      "city": "Orlando",
      "state": "Florida",
      "country": "United States",
      "picture": "http://kvinod.com/old_ci/randomdata/images/women/47.jpg"
    },
    {
      "id": 48,
      "firstname": "Quent",
      "lastname": "Garratt",
      "gender": "Male",
      "email": "qgarratt1b@mysql.com",
      "phone": "3053933374",
      "dob": "1983-09-28",
      "address": "132 Kenwood Lane",
      "city": "Miami",
      "state": "Florida",
      "country": "United States",
      "picture": "http://kvinod.com/old_ci/randomdata/images/men/48.jpg"
    },
    {
      "id": 49,
      "firstname": "Letta",
      "lastname": "Philipot",
      "gender": "Female",
      "email": "lphilipot1c@wiley.com",
      "phone": "3308151345",
      "dob": "1999-09-25",
      "address": "88 Debra Plaza",
      "city": "Warren",
      "state": "Ohio",
      "country": "United States",
      "picture": "http://kvinod.com/old_ci/randomdata/images/women/49.jpg"
    },
    {
      "id": 50,
      "firstname": "Cordy",
      "lastname": "Nesey",
      "gender": "Female",
      "email": "cnesey1d@webs.com",
      "phone": "6103846197",
      "dob": "1983-03-31",
      "address": "7 Texas Point",
      "city": "Allentown",
      "state": "Pennsylvania",
      "country": "United States",
      "picture": "http://kvinod.com/old_ci/randomdata/images/women/50.jpg"
    },
    {
      "id": 51,
      "firstname": "Nessi",
      "lastname": "Kaes",
      "gender": "Female",
      "email": "nkaes1e@blogs.com",
      "phone": "5858131793",
      "dob": "1991-03-27",
      "address": "67370 Petterle Trail",
      "city": "Rochester",
      "state": "New York",
      "country": "United States",
      "picture": "http://kvinod.com/old_ci/randomdata/images/women/51.jpg"
    },
    {
      "id": 52,
      "firstname": "Hulda",
      "lastname": "Santoro",
      "gender": "Female",
      "email": "hsantoro1f@plala.or.jp",
      "phone": "5012886012",
      "dob": "1975-11-21",
      "address": "1 Pennsylvania Road",
      "city": "Little Rock",
      "state": "Arkansas",
      "country": "United States",
      "picture": "http://kvinod.com/old_ci/randomdata/images/women/52.jpg"
    },
    {
      "id": 53,
      "firstname": "Candi",
      "lastname": "Viccars",
      "gender": "Female",
      "email": "cviccars1g@pagesperso-orange.fr",
      "phone": "4347041828",
      "dob": "1980-08-12",
      "address": "78495 Gina Plaza",
      "city": "Charlottesville",
      "state": "Virginia",
      "country": "United States",
      "picture": "http://kvinod.com/old_ci/randomdata/images/women/53.jpg"
    },
    {
      "id": 54,
      "firstname": "Roddie",
      "lastname": "Klimontovich",
      "gender": "Male",
      "email": "rklimontovich1h@zdnet.com",
      "phone": "7855852395",
      "dob": "1982-02-01",
      "address": "8067 Arkansas Crossing",
      "city": "Topeka",
      "state": "Kansas",
      "country": "United States",
      "picture": "http://kvinod.com/old_ci/randomdata/images/men/54.jpg"
    },
    {
      "id": 55,
      "firstname": "Maryanna",
      "lastname": "Herculson",
      "gender": "Female",
      "email": "mherculson1i@ning.com",
      "phone": "2139687347",
      "dob": "1993-08-20",
      "address": "51892 Tennyson Drive",
      "city": "North Hollywood",
      "state": "California",
      "country": "United States",
      "picture": "http://kvinod.com/old_ci/randomdata/images/women/55.jpg"
    },
    {
      "id": 56,
      "firstname": "Kelly",
      "lastname": "MacAdie",
      "gender": "Male",
      "email": "kmacadie1j@weebly.com",
      "phone": "4148129335",
      "dob": "1983-07-03",
      "address": "837 Coolidge Way",
      "city": "Milwaukee",
      "state": "Wisconsin",
      "country": "United States",
      "picture": "http://kvinod.com/old_ci/randomdata/images/men/56.jpg"
    },
    {
      "id": 57,
      "firstname": "Lyman",
      "lastname": "Reddings",
      "gender": "Male",
      "email": "lreddings1k@wisc.edu",
      "phone": "9415137210",
      "dob": "1998-08-11",
      "address": "08127 Briar Crest Plaza",
      "city": "Sarasota",
      "state": "Florida",
      "country": "United States",
      "picture": "http://kvinod.com/old_ci/randomdata/images/men/57.jpg"
    },
    {
      "id": 58,
      "firstname": "Laurel",
      "lastname": "Mannix",
      "gender": "Female",
      "email": "lmannix1l@pen.io",
      "phone": "5714362229",
      "dob": "1989-10-29",
      "address": "032 Manufacturers Hill",
      "city": "Arlington",
      "state": "Virginia",
      "country": "United States",
      "picture": "http://kvinod.com/old_ci/randomdata/images/women/58.jpg"
    },
    {
      "id": 59,
      "firstname": "Donnamarie",
      "lastname": "Manifould",
      "gender": "Female",
      "email": "dmanifould1m@ning.com",
      "phone": "5139475141",
      "dob": "1974-06-03",
      "address": "0 Waywood Road",
      "city": "Cincinnati",
      "state": "Ohio",
      "country": "United States",
      "picture": "http://kvinod.com/old_ci/randomdata/images/women/59.jpg"
    },
    {
      "id": 60,
      "firstname": "Reinwald",
      "lastname": "Sumnall",
      "gender": "Male",
      "email": "rsumnall1n@mit.edu",
      "phone": "8327616701",
      "dob": "1979-01-26",
      "address": "34274 Scoville Place",
      "city": "Houston",
      "state": "Texas",
      "country": "United States",
      "picture": "http://kvinod.com/old_ci/randomdata/images/men/60.jpg"
    },
    {
      "id": 61,
      "firstname": "Kiley",
      "lastname": "Pavek",
      "gender": "Male",
      "email": "kpavek1o@friendfeed.com",
      "phone": "9721625705",
      "dob": "1998-01-10",
      "address": "1414 Mifflin Terrace",
      "city": "Plano",
      "state": "Texas",
      "country": "United States",
      "picture": "http://kvinod.com/old_ci/randomdata/images/men/61.jpg"
    },
    {
      "id": 62,
      "firstname": "Jolyn",
      "lastname": "Smiths",
      "gender": "Female",
      "email": "jsmiths1p@japanpost.jp",
      "phone": "9157695281",
      "dob": "1980-01-15",
      "address": "8 Sunbrook Hill",
      "city": "El Paso",
      "state": "Texas",
      "country": "United States",
      "picture": "http://kvinod.com/old_ci/randomdata/images/women/62.jpg"
    },
    {
      "id": 63,
      "firstname": "Even",
      "lastname": "Hiskey",
      "gender": "Male",
      "email": "ehiskey1q@bizjournals.com",
      "phone": "6177363628",
      "dob": "1975-01-01",
      "address": "35159 Miller Parkway",
      "city": "Boston",
      "state": "Massachusetts",
      "country": "United States",
      "picture": "http://kvinod.com/old_ci/randomdata/images/men/63.jpg"
    },
    {
      "id": 64,
      "firstname": "Don",
      "lastname": "Crux",
      "gender": "Male",
      "email": "dcrux1r@stumbleupon.com",
      "phone": "2133025599",
      "dob": "1995-01-03",
      "address": "505 Hermina Hill",
      "city": "Los Angeles",
      "state": "California",
      "country": "United States",
      "picture": "http://kvinod.com/old_ci/randomdata/images/men/64.jpg"
    },
    {
      "id": 65,
      "firstname": "Neely",
      "lastname": "Doog",
      "gender": "Female",
      "email": "ndoog1s@addtoany.com",
      "phone": "2105335343",
      "dob": "1977-09-19",
      "address": "7471 8th Junction",
      "city": "San Antonio",
      "state": "Texas",
      "country": "United States",
      "picture": "http://kvinod.com/old_ci/randomdata/images/women/65.jpg"
    },
    {
      "id": 66,
      "firstname": "Palmer",
      "lastname": "Brownsword",
      "gender": "Male",
      "email": "pbrownsword1t@merriam-webster.com",
      "phone": "2033823614",
      "dob": "1998-03-11",
      "address": "28 Upham Hill",
      "city": "Bridgeport",
      "state": "Connecticut",
      "country": "United States",
      "picture": "http://kvinod.com/old_ci/randomdata/images/men/66.jpg"
    },
    {
      "id": 67,
      "firstname": "Trish",
      "lastname": "Trathen",
      "gender": "Female",
      "email": "ttrathen1u@myspace.com",
      "phone": "7043114805",
      "dob": "1991-03-17",
      "address": "6 Vidon Circle",
      "city": "Gastonia",
      "state": "North Carolina",
      "country": "United States",
      "picture": "http://kvinod.com/old_ci/randomdata/images/women/67.jpg"
    },
    {
      "id": 68,
      "firstname": "Augustus",
      "lastname": "Grove",
      "gender": "Male",
      "email": "agrove1v@blogtalkradio.com",
      "phone": "8172417841",
      "dob": "1973-05-06",
      "address": "4 Merchant Alley",
      "city": "Denton",
      "state": "Texas",
      "country": "United States",
      "picture": "http://kvinod.com/old_ci/randomdata/images/men/68.jpg"
    },
    {
      "id": 69,
      "firstname": "Iris",
      "lastname": "Locock",
      "gender": "Female",
      "email": "ilocock1w@macromedia.com",
      "phone": "6057369753",
      "dob": "1993-06-15",
      "address": "691 Sloan Street",
      "city": "Sioux Falls",
      "state": "South Dakota",
      "country": "United States",
      "picture": "http://kvinod.com/old_ci/randomdata/images/women/69.jpg"
    },
    {
      "id": 70,
      "firstname": "Berry",
      "lastname": "Meaker",
      "gender": "Female",
      "email": "bmeaker1x@feedburner.com",
      "phone": "8068705364",
      "dob": "1996-04-05",
      "address": "1052 Village Way",
      "city": "Lubbock",
      "state": "Texas",
      "country": "United States",
      "picture": "http://kvinod.com/old_ci/randomdata/images/women/70.jpg"
    },
    {
      "id": 71,
      "firstname": "Everett",
      "lastname": "Lavies",
      "gender": "Male",
      "email": "elavies1y@umn.edu",
      "phone": "2027501806",
      "dob": "1981-02-03",
      "address": "34 Glacier Hill Drive",
      "city": "Washington",
      "state": "District of Columbia",
      "country": "United States",
      "picture": "http://kvinod.com/old_ci/randomdata/images/men/71.jpg"
    },
    {
      "id": 72,
      "firstname": "Myrtie",
      "lastname": "Hempel",
      "gender": "Female",
      "email": "mhempel1z@godaddy.com",
      "phone": "9188590911",
      "dob": "1974-05-08",
      "address": "6 Scofield Place",
      "city": "Tulsa",
      "state": "Oklahoma",
      "country": "United States",
      "picture": "http://kvinod.com/old_ci/randomdata/images/women/72.jpg"
    },
    {
      "id": 73,
      "firstname": "Kore",
      "lastname": "Vaulkhard",
      "gender": "Female",
      "email": "kvaulkhard20@adobe.com",
      "phone": "5047260104",
      "dob": "1985-01-13",
      "address": "47 Ridgeway Avenue",
      "city": "Metairie",
      "state": "Louisiana",
      "country": "United States",
      "picture": "http://kvinod.com/old_ci/randomdata/images/women/73.jpg"
    },
    {
      "id": 74,
      "firstname": "Burty",
      "lastname": "Joreau",
      "gender": "Male",
      "email": "bjoreau21@unicef.org",
      "phone": "7852413751",
      "dob": "1973-10-13",
      "address": "35048 Dorton Crossing",
      "city": "Topeka",
      "state": "Kansas",
      "country": "United States",
      "picture": "http://kvinod.com/old_ci/randomdata/images/men/74.jpg"
    },
    {
      "id": 75,
      "firstname": "Faustina",
      "lastname": "Earry",
      "gender": "Female",
      "email": "fearry22@networkadvertising.org",
      "phone": "5619178708",
      "dob": "1978-04-23",
      "address": "976 Corben Lane",
      "city": "Boca Raton",
      "state": "Florida",
      "country": "United States",
      "picture": "http://kvinod.com/old_ci/randomdata/images/women/75.jpg"
    },
    {
      "id": 76,
      "firstname": "Lukas",
      "lastname": "Langeren",
      "gender": "Male",
      "email": "llangeren23@ycombinator.com",
      "phone": "3175127616",
      "dob": "1983-10-11",
      "address": "03 Pankratz Drive",
      "city": "Indianapolis",
      "state": "Indiana",
      "country": "United States",
      "picture": "http://kvinod.com/old_ci/randomdata/images/men/76.jpg"
    },
    {
      "id": 77,
      "firstname": "Kathy",
      "lastname": "Halladay",
      "gender": "Female",
      "email": "khalladay24@rambler.ru",
      "phone": "9199972847",
      "dob": "1985-02-01",
      "address": "471 Summit Drive",
      "city": "Raleigh",
      "state": "North Carolina",
      "country": "United States",
      "picture": "http://kvinod.com/old_ci/randomdata/images/women/77.jpg"
    },
    {
      "id": 78,
      "firstname": "Steffi",
      "lastname": "Headings",
      "gender": "Female",
      "email": "sheadings25@imgur.com",
      "phone": "3152423837",
      "dob": "1992-08-03",
      "address": "651 Burning Wood Avenue",
      "city": "Syracuse",
      "state": "New York",
      "country": "United States",
      "picture": "http://kvinod.com/old_ci/randomdata/images/women/78.jpg"
    },
    {
      "id": 79,
      "firstname": "Roldan",
      "lastname": "Stoacley",
      "gender": "Male",
      "email": "rstoacley26@goo.ne.jp",
      "phone": "6197863873",
      "dob": "1988-12-27",
      "address": "7949 Golf View Avenue",
      "city": "Chula Vista",
      "state": "California",
      "country": "United States",
      "picture": "http://kvinod.com/old_ci/randomdata/images/men/79.jpg"
    },
    {
      "id": 80,
      "firstname": "Elly",
      "lastname": "Raxworthy",
      "gender": "Female",
      "email": "eraxworthy27@biglobe.ne.jp",
      "phone": "5715189974",
      "dob": "1974-07-31",
      "address": "30 Almo Plaza",
      "city": "Dulles",
      "state": "Virginia",
      "country": "United States",
      "picture": "http://kvinod.com/old_ci/randomdata/images/women/80.jpg"
    },
    {
      "id": 81,
      "firstname": "Alaric",
      "lastname": "Rutigliano",
      "gender": "Male",
      "email": "arutigliano28@cargocollective.com",
      "phone": "8133469712",
      "dob": "1997-03-16",
      "address": "1 Morning Plaza",
      "city": "Tampa",
      "state": "Florida",
      "country": "United States",
      "picture": "http://kvinod.com/old_ci/randomdata/images/men/81.jpg"
    },
    {
      "id": 82,
      "firstname": "Elbertina",
      "lastname": "Mordanti",
      "gender": "Female",
      "email": "emordanti29@nps.gov",
      "phone": "2028328890",
      "dob": "1999-07-20",
      "address": "1572 Hoard Junction",
      "city": "Washington",
      "state": "District of Columbia",
      "country": "United States",
      "picture": "http://kvinod.com/old_ci/randomdata/images/women/82.jpg"
    },
    {
      "id": 83,
      "firstname": "Karlene",
      "lastname": "Tomaino",
      "gender": "Female",
      "email": "ktomaino2a@mail.ru",
      "phone": "3173955918",
      "dob": "1980-11-25",
      "address": "91027 Granby Drive",
      "city": "Indianapolis",
      "state": "Indiana",
      "country": "United States",
      "picture": "http://kvinod.com/old_ci/randomdata/images/women/83.jpg"
    },
    {
      "id": 84,
      "firstname": "Wildon",
      "lastname": "Cadreman",
      "gender": "Male",
      "email": "wcadreman2b@t.co",
      "phone": "9139025355",
      "dob": "1970-11-28",
      "address": "1744 Beilfuss Circle",
      "city": "Kansas City",
      "state": "Kansas",
      "country": "United States",
      "picture": "http://kvinod.com/old_ci/randomdata/images/men/84.jpg"
    },
    {
      "id": 85,
      "firstname": "Jedd",
      "lastname": "Gallgher",
      "gender": "Male",
      "email": "jgallgher2c@cnn.com",
      "phone": "7139216582",
      "dob": "1993-09-03",
      "address": "4748 2nd Road",
      "city": "Houston",
      "state": "Texas",
      "country": "United States",
      "picture": "http://kvinod.com/old_ci/randomdata/images/men/85.jpg"
    },
    {
      "id": 86,
      "firstname": "Arel",
      "lastname": "Madgewick",
      "gender": "Male",
      "email": "amadgewick2d@abc.net.au",
      "phone": "3032919163",
      "dob": "1984-12-23",
      "address": "3 Vernon Trail",
      "city": "Denver",
      "state": "Colorado",
      "country": "United States",
      "picture": "http://kvinod.com/old_ci/randomdata/images/men/86.jpg"
    },
    {
      "id": 87,
      "firstname": "Charleen",
      "lastname": "Skarin",
      "gender": "Female",
      "email": "cskarin2e@illinois.edu",
      "phone": "2023338437",
      "dob": "1971-12-22",
      "address": "41 Butterfield Pass",
      "city": "Washington",
      "state": "District of Columbia",
      "country": "United States",
      "picture": "http://kvinod.com/old_ci/randomdata/images/women/87.jpg"
    },
    {
      "id": 88,
      "firstname": "Worden",
      "lastname": "Goaley",
      "gender": "Male",
      "email": "wgoaley2f@qq.com",
      "phone": "9138318874",
      "dob": "1975-09-07",
      "address": "27733 Maywood Lane",
      "city": "Kansas City",
      "state": "Kansas",
      "country": "United States",
      "picture": "http://kvinod.com/old_ci/randomdata/images/men/88.jpg"
    },
    {
      "id": 89,
      "firstname": "Gordy",
      "lastname": "Skaife d'Ingerthorpe",
      "gender": "Male",
      "email": "gskaifedingerthorpe2g@woothemes.com",
      "phone": "2811337567",
      "dob": "1987-03-01",
      "address": "65 Hermina Place",
      "city": "Houston",
      "state": "Texas",
      "country": "United States",
      "picture": "http://kvinod.com/old_ci/randomdata/images/men/89.jpg"
    },
    {
      "id": 90,
      "firstname": "Shela",
      "lastname": "Skentelbery",
      "gender": "Female",
      "email": "sskentelbery2h@sakura.ne.jp",
      "phone": "2152872081",
      "dob": "1990-02-12",
      "address": "5633 Eastlawn Park",
      "city": "Philadelphia",
      "state": "Pennsylvania",
      "country": "United States",
      "picture": "http://kvinod.com/old_ci/randomdata/images/women/90.jpg"
    },
    {
      "id": 91,
      "firstname": "Georgianne",
      "lastname": "Lascell",
      "gender": "Female",
      "email": "glascell2i@squarespace.com",
      "phone": "3346563056",
      "dob": "1997-03-03",
      "address": "73696 Dennis Street",
      "city": "Montgomery",
      "state": "Alabama",
      "country": "United States",
      "picture": "http://kvinod.com/old_ci/randomdata/images/women/91.jpg"
    },
    {
      "id": 92,
      "firstname": "Darryl",
      "lastname": "Woodyer",
      "gender": "Female",
      "email": "dwoodyer2j@ustream.tv",
      "phone": "9377937230",
      "dob": "1980-03-04",
      "address": "0714 Melby Center",
      "city": "Dayton",
      "state": "Ohio",
      "country": "United States",
      "picture": "http://kvinod.com/old_ci/randomdata/images/women/92.jpg"
    },
    {
      "id": 93,
      "firstname": "Dante",
      "lastname": "Bradmore",
      "gender": "Male",
      "email": "dbradmore2k@cafepress.com",
      "phone": "3032265413",
      "dob": "1996-05-02",
      "address": "6 Veith Street",
      "city": "Englewood",
      "state": "Colorado",
      "country": "United States",
      "picture": "http://kvinod.com/old_ci/randomdata/images/men/93.jpg"
    },
    {
      "id": 94,
      "firstname": "Gayleen",
      "lastname": "Cutriss",
      "gender": "Female",
      "email": "gcutriss2l@disqus.com",
      "phone": "2052680643",
      "dob": "1974-05-31",
      "address": "5 Superior Street",
      "city": "Birmingham",
      "state": "Alabama",
      "country": "United States",
      "picture": "http://kvinod.com/old_ci/randomdata/images/women/94.jpg"
    },
    {
      "id": 95,
      "firstname": "Trumaine",
      "lastname": "Canepe",
      "gender": "Male",
      "email": "tcanepe2m@wikimedia.org",
      "phone": "3047807728",
      "dob": "1974-11-27",
      "address": "5943 Daystar Way",
      "city": "Charleston",
      "state": "West Virginia",
      "country": "United States",
      "picture": "http://kvinod.com/old_ci/randomdata/images/men/95.jpg"
    },
    {
      "id": 96,
      "firstname": "Claudian",
      "lastname": "Winmill",
      "gender": "Male",
      "email": "cwinmill2n@miibeian.gov.cn",
      "phone": "9152302423",
      "dob": "1976-03-26",
      "address": "724 Eliot Drive",
      "city": "El Paso",
      "state": "Texas",
      "country": "United States",
      "picture": "http://kvinod.com/old_ci/randomdata/images/men/96.jpg"
    },
    {
      "id": 97,
      "firstname": "Rahal",
      "lastname": "Siddeley",
      "gender": "Female",
      "email": "rsiddeley2o@wp.com",
      "phone": "8166930459",
      "dob": "1995-12-19",
      "address": "395 Dwight Terrace",
      "city": "Kansas City",
      "state": "Missouri",
      "country": "United States",
      "picture": "http://kvinod.com/old_ci/randomdata/images/women/97.jpg"
    },
    {
      "firstname": "Tsdzjbbb",
      "lastname": "Raund",
      "picture": "http://kvinod.com/old_ci/randomdata/images/men/98.jpg",
      "gender": "Male",
      "flag": "1",
      "id": 98,
      "email": "traund2p@wsj.com",
      "phone": "3166852110",
      "dob": "1997-12-26",
      "address": "57968 Manufacturers Court",
      "city": "Wichita",
      "state": "Kansas",
      "country": "United States"
    }
  ]
}